job_id,title,company,description
1,Data Analyst,TechCorp,"Analyze data, create dashboards, perform SQL queries and present insights to stakeholders."
2,Machine Learning Engineer,InnoSoft,"Develop and deploy ML models using Python, TensorFlow, and scikit-learn."
3,Data Scientist,DeepData,"Work with large datasets, perform statistical analysis, and build predictive models."
4,Business Analyst,BizWorks,"Identify business trends, create reports, and collaborate with management teams."
5,Software Engineer,CodeCrafters,"Design, develop, and maintain software applications using Java and Python."
6,Database Administrator,DataSecure,"Manage database systems, ensure data integrity, and optimize performance."
7,Cloud Engineer,CloudSolutions,"Design and implement cloud infrastructure, manage deployments, and ensure security."
8,DevOps Engineer,SysOps,"Automate deployment processes, manage CI/CD pipelines, and monitor system performance."
9,Data Engineer,DataFlow,"Build and maintain data pipelines, ensure data quality, and support analytics teams."
10,AI Researcher,FutureTech,"Conduct research in artificial intelligence, develop algorithms, and publish findings."
11,Product Manager,ProductPro,"Define product vision, gather requirements, and work with cross-functional teams."
12,UX Designer,DesignHub,"Create user-friendly interfaces, conduct user research, and collaborate with developers."
13,Network Engineer,NetWorks,"Design and implement network solutions, troubleshoot issues, and ensure network security."
14,Security Analyst,SecureIT,"Monitor security systems, analyze threats, and implement security measures."
15,Technical Writer,WriteTech,"Create documentation for software products, write user manuals, and collaborate with developers."
16,Data Architect,DataDesign,"Design data models, ensure data governance, and collaborate with IT teams."
17,Web Developer,WebWorks,"Develop and maintain websites, ensure responsive design, and optimize performance."
18,Mobile App Developer,AppCreators,"Design and develop mobile applications for iOS and Android platforms."
19,Game Developer,GameDev,"Create and develop video games, collaborate with artists and designers, and optimize game performance."
20,Research Scientist,ScienceLab,"Conduct experiments, analyze results, and publish scientific papers."
21,IT Support Specialist,TechHelp,"Provide technical support to users, troubleshoot hardware and software issues, and maintain IT systems."
22,Data Quality Analyst,DataCheck,"Ensure data accuracy, perform data validation, and support data governance initiatives."
23,Sales Engineer,SalesTech,"Support sales teams with technical expertise, conduct product demonstrations, and assist in closing deals."
24,Content Strategist,ContentCreators,"Develop content strategies, manage content creation, and analyze content performance."
25,SEO Specialist,SearchMasters,"Optimize website content for search engines, conduct keyword research, and analyze SEO performance."
26,Digital Marketing Specialist,MarketMasters,"Create and manage digital marketing campaigns, analyze performance metrics, and optimize strategies."
27,Cloud Solutions Architect,CloudDesign,"Design cloud solutions, ensure scalability and security, and collaborate with development teams."
28,Blockchain Developer,BlockTech,"Develop blockchain applications, implement smart contracts, and ensure security of blockchain systems."
29,Robotics Engineer,RobotWorks,"Design and build robotic systems, program robots, and test robotic applications."
30,Data Visualization Specialist,VisualData,"Create visual representations of data, develop dashboards, and present insights to stakeholders."
31,Graphic Designer,Various,"Create visual content, design logos, and collaborate with clients."
32,Video Editor,Various,"Edit raw footage into polished videos, add effects and transitions."
33,Interior Designer,Various,"Plan and design interior spaces, choose furnishings and materials."
34,Fashion Designer,Various,"Create clothing concepts, sketch designs, and oversee production."
35,HR Manager,Various,"Manage recruitment, employee relations, and company policies."
36,Operations Manager,Various,"Oversee daily operations, optimize processes, and manage teams."
37,Customer Support Representative,Various,"Assist customers with queries, resolve complaints, and provide information."
38,Social Media Manager,Various,"Plan and manage social media content, engage with audiences, and analyze performance."
39,Event Planner,Various,"Organize and manage events, coordinate logistics, and liaise with vendors."
40,Chef,Various,"Prepare meals, manage kitchen staff, and maintain food quality."
41,Photographer,Various,"Capture professional photos, edit images, and work with clients."
42,Translator,Various,"Convert written content from one language to another accurately."
43,Legal Assistant,Various,"Support lawyers by preparing documents, conducting research, and managing case files."
44,Accountant,Various,"Prepare financial statements, manage budgets, and ensure regulatory compliance."
45,Financial Analyst,Various,"Analyze financial data, forecast trends, and support investment decisions."
46,Teacher,Various,"Develop lesson plans, teach students, and assess academic progress."
47,Professor,Various,"Conduct lectures, mentor students, and publish academic research."
48,Psychologist,Various,"Assess mental health, conduct therapy sessions, and maintain patient records."
49,Nurse,Various,"Provide patient care, administer medication, and support doctors."
50,Doctor,Various,"Diagnose and treat illnesses, perform procedures, and provide medical advice."
51,Dentist,Various,"Examine teeth, perform dental procedures, and educate patients."
52,Fitness Trainer,Various,"Guide clients through workouts, track progress, and promote healthy lifestyles."
53,Nutritionist,Various,"Advise clients on dietary plans, monitor health progress, and provide nutrition education."
54,Mechanical Engineer,Various,"Design mechanical systems, develop prototypes, and conduct tests."
55,Electrical Engineer,Various,"Develop electrical systems, create circuit designs, and oversee installations."
56,Civil Engineer,Various,"Plan and manage construction projects, design structures, and ensure compliance."
57,Architect,Various,"Design building plans, collaborate with engineers, and present design concepts."
58,Librarian,Various,"Manage library resources, assist patrons, and organize collections."
59,Museum Curator,Various,"Manage exhibits, preserve artifacts, and conduct research."
60,Journalist,Various,"Investigate stories, conduct interviews, and write news articles."
61,Author,Various,"Write books, edit drafts, and collaborate with publishers."
62,Scriptwriter,Various,"Write scripts for films or shows, develop characters and plots."
63,Animator,Various,"Create animations, design characters, and collaborate with artists."
64,Sound Engineer,Various,"Record, mix, and edit audio for various media."
65,3D Modeler,Various,"Design 3D models for games, simulations, and visualizations."
66,Virtual Assistant,Various,"Perform administrative tasks, schedule meetings, and manage emails remotely."
67,Real Estate Agent,Various,"Assist clients with buying and selling properties, conduct site visits."
68,Insurance Agent,Various,"Sell insurance policies, explain coverage options, and handle claims."
69,Tour Guide,Various,"Lead tourist groups, explain attractions, and ensure safety."
70,Pilot,Various,"Operate aircraft, navigate routes, and ensure passenger safety."
71,Flight Attendant,Various,"Provide in-flight service, ensure safety procedures, and assist passengers."
72,Marine Biologist,Various,"Study marine life, conduct fieldwork, and publish findings."
73,Environmental Scientist,Various,"Analyze environmental data, assess impacts, and develop conservation plans."
74,Zoologist,Various,"Study animals, monitor behavior, and conduct research in natural habitats."
75,Archaeologist,Various,"Excavate sites, analyze artifacts, and document historical findings."
76,Geologist,Various,"Study earth materials, conduct surveys, and assess natural resources."
77,Astronomer,Various,"Study celestial bodies, conduct observations, and publish research."
78,Astrophysicist,Various,"Research the physics of the universe, model systems, and write scientific papers."
79,Economist,Various,"Analyze economic trends, forecast markets, and advise policy makers."
80,Political Analyst,Various,"Interpret political developments, research policies, and write reports."
81,Historian,Various,"Study past events, analyze sources, and write historical accounts."
82,Philosopher,Various,"Explore ethical and existential questions, teach, and write papers."
83,Climatologist,Various,"Study climate patterns, predict changes, and inform policy."
84,Urban Planner,Various,"Design urban spaces, plan developments, and coordinate with stakeholders."
85,Drone Operator,Various,"Pilot drones for photography, inspections, or deliveries."
86,Ethical Hacker,Various,"Test systems for vulnerabilities, simulate attacks, and improve cybersecurity."
87,Penetration Tester,Various,"Conduct authorized hacking attempts, identify weaknesses, and report findings."
88,Cybersecurity Analyst,Various,"Monitor systems, analyze threats, and implement defenses."
89,UX Researcher,Various,"Conduct user research, gather feedback, and support design decisions."
90,Game Designer,Various,"Design game mechanics, write rules, and collaborate with developers."
91,eLearning Developer,Various,"Create online learning modules, integrate multimedia, and assess engagement."
92,Art Therapist,Various,"Use art to help patients express emotions and improve mental health."
93,Speech Therapist,Various,"Diagnose and treat speech disorders, create therapy plans, and work with patients."
94,Career Counselor,Various,"Guide individuals in career choices, assess strengths, and provide resources."
95,Compliance Officer,Various,"Ensure organizational compliance with laws, regulations, and internal policies."
96,Logistics Coordinator,Various,"Manage supply chains, coordinate shipments, and maintain inventory records."
97,Biomedical Engineer,Various,"Design medical devices, support healthcare technology, and conduct research."
98,Veterinarian,Various,"Treat and diagnose animals, perform surgeries, and advise pet owners."
99,Forensic Scientist,Various,"Analyze crime scene evidence, run lab tests, and prepare reports."
100,Patent Examiner,Various,"Review patent applications, ensure originality, and apply legal criteria."
